country,code,icon
Afghanistan,AF,ğŸ‡¦ğŸ‡«
Albania,AL,ğŸ‡¦ğŸ‡±
Algeria,DZ,ğŸ‡©ğŸ‡¿
Andorra,AD,ğŸ‡¦ğŸ‡©
Angola,AO,ğŸ‡¦ğŸ‡´
Antigua and Barbuda,AG,ğŸ‡¦ğŸ‡¬
Argentina,AR,ğŸ‡¦ğŸ‡·
Armenia,AM,ğŸ‡¦ğŸ‡²
Australia,AU,ğŸ‡¦ğŸ‡º
Austria,AT,ğŸ‡¦ğŸ‡¹
Azerbaijan,AZ,ğŸ‡¦ğŸ‡¿
Bahamas,BS,ğŸ‡§ğŸ‡¸
Bahrain,BH,ğŸ‡§ğŸ‡­
Bangladesh,BD,ğŸ‡§ğŸ‡©
Barbados,BB,ğŸ‡§ğŸ‡§
Belarus,BY,ğŸ‡§ğŸ‡¾
Belgium,BE,ğŸ‡§ğŸ‡ª
Belize,BZ,ğŸ‡§ğŸ‡¿
Benin,BJ,ğŸ‡§ğŸ‡¯
Bhutan,BT,ğŸ‡§ğŸ‡¹
Bolivia,BO,ğŸ‡§ğŸ‡´
Bosnia and Herzegovina,BA,ğŸ‡§ğŸ‡¦
Botswana,BW,ğŸ‡§ğŸ‡¼
Brazil,BR,ğŸ‡§ğŸ‡·
Brunei Darussalam,BN,ğŸ‡§ğŸ‡³
Bulgaria,BG,ğŸ‡§ğŸ‡¬
Burkina Faso,BF,ğŸ‡§ğŸ‡«
Burundi,BI,ğŸ‡§ğŸ‡®
Cabo Verde,CV,ğŸ‡¨ğŸ‡»
Cambodia,KH,ğŸ‡°ğŸ‡­
Cameroon,CM,ğŸ‡¨ğŸ‡²
Canada,CA,ğŸ‡¨ğŸ‡¦
Central African Republic,CF,ğŸ‡¨ğŸ‡«
Chad,TD,ğŸ‡¹ğŸ‡©
Chile,CL,ğŸ‡¨ğŸ‡±
China,CN,ğŸ‡¨ğŸ‡³
Colombia,CO,ğŸ‡¨ğŸ‡´
Comoros,KM,ğŸ‡°ğŸ‡²
Congo (Congo-Brazzaville),CG,ğŸ‡¨ğŸ‡¬
Congo (Democratic Republic),CD,ğŸ‡¨ğŸ‡©
Costa Rica,CR,ğŸ‡¨ğŸ‡·
Croatia,HR,ğŸ‡­ğŸ‡·
Cuba,CU,ğŸ‡¨ğŸ‡º
Cyprus,CY,ğŸ‡¨ğŸ‡¾
Czechia,CZ,ğŸ‡¨ğŸ‡¿
Denmark,DK,ğŸ‡©ğŸ‡°
Djibouti,DJ,ğŸ‡©ğŸ‡¯
Dominica,DM,ğŸ‡©ğŸ‡²
Dominican Republic,DO,ğŸ‡©ğŸ‡´
Ecuador,EC,ğŸ‡ªğŸ‡¨
Egypt,EG,ğŸ‡ªğŸ‡¬
El Salvador,SV,ğŸ‡¸ğŸ‡»
Equatorial Guinea,GQ,ğŸ‡¬ğŸ‡¶
Eritrea,ER,ğŸ‡ªğŸ‡·
Estonia,EE,ğŸ‡ªğŸ‡ª
Eswatini,SZ,ğŸ‡¸ğŸ‡¿
Ethiopia,ET,ğŸ‡ªğŸ‡¹
Fiji,FJ,ğŸ‡«ğŸ‡¯
Finland,FI,ğŸ‡«ğŸ‡®
France,FR,ğŸ‡«ğŸ‡·
Gabon,GA,ğŸ‡¬ğŸ‡¦
Gambia,GM,ğŸ‡¬ğŸ‡²
Georgia,GE,ğŸ‡¬ğŸ‡ª
Germany,DE,ğŸ‡©ğŸ‡ª
Ghana,GH,ğŸ‡¬ğŸ‡­
Greece,GR,ğŸ‡¬ğŸ‡·
Grenada,GD,ğŸ‡¬ğŸ‡©
Guatemala,GT,ğŸ‡¬ğŸ‡¹
Guinea,GN,ğŸ‡¬ğŸ‡³
Guinea-Bissau,GW,ğŸ‡¬ğŸ‡¼
Guyana,GY,ğŸ‡¬ğŸ‡¾
Haiti,HT,ğŸ‡­ğŸ‡¹
Honduras,HN,ğŸ‡­ğŸ‡³
Hungary,HU,ğŸ‡­ğŸ‡º
Iceland,IS,ğŸ‡®ğŸ‡¸
India,IN,ğŸ‡®ğŸ‡³
Indonesia,ID,ğŸ‡®ğŸ‡©
Iran,IR,ğŸ‡®ğŸ‡·
Iraq,IQ,ğŸ‡®ğŸ‡¶
Ireland,IE,ğŸ‡®ğŸ‡ª
Israel,IL,ğŸ‡®ğŸ‡±
Italy,IT,ğŸ‡®ğŸ‡¹
Jamaica,JM,ğŸ‡¯ğŸ‡²
Japan,JP,ğŸ‡¯ğŸ‡µ
Jordan,JO,ğŸ‡¯ğŸ‡´
Kazakhstan,KZ,ğŸ‡°ğŸ‡¿
Kenya,KE,ğŸ‡°ğŸ‡ª
Kiribati,KI,ğŸ‡°ğŸ‡®
Kuwait,KW,ğŸ‡°ğŸ‡¼
Kyrgyzstan,KG,ğŸ‡°ğŸ‡¬
Laos,LA,ğŸ‡±ğŸ‡¦
Latvia,LV,ğŸ‡±ğŸ‡»
Lebanon,LB,ğŸ‡±ğŸ‡§
Lesotho,LS,ğŸ‡±ğŸ‡¸
Liberia,LR,ğŸ‡±ğŸ‡·
Libya,LY,ğŸ‡±ğŸ‡¾
Liechtenstein,LI,ğŸ‡±ğŸ‡®
Lithuania,LT,ğŸ‡±ğŸ‡¹
Luxembourg,LU,ğŸ‡±ğŸ‡º
Madagascar,MG,ğŸ‡²ğŸ‡¬
Malawi,MW,ğŸ‡²ğŸ‡¼
Malaysia,MY,ğŸ‡²ğŸ‡¾
Maldives,MV,ğŸ‡²ğŸ‡»
Mali,ML,ğŸ‡²ğŸ‡±
Malta,MT,ğŸ‡²ğŸ‡¹
Marshall Islands,MH,ğŸ‡²ğŸ‡­
Mauritania,MR,ğŸ‡²ğŸ‡·
Mauritius,MU,ğŸ‡²ğŸ‡º
Mexico,MX,ğŸ‡²ğŸ‡½
Micronesia,FM,ğŸ‡«ğŸ‡²
Moldova,MD,ğŸ‡²ğŸ‡©
Monaco,MC,ğŸ‡²ğŸ‡¨
Mongolia,MN,ğŸ‡²ğŸ‡³
Montenegro,ME,ğŸ‡²ğŸ‡ª
Morocco,MA,ğŸ‡²ğŸ‡¦
Mozambique,MZ,ğŸ‡²ğŸ‡¿
Myanmar,MM,ğŸ‡²ğŸ‡²
Namibia,NA,ğŸ‡³ğŸ‡¦
Nauru,NR,ğŸ‡³ğŸ‡·
Nepal,NP,ğŸ‡³ğŸ‡µ
Netherlands,NL,ğŸ‡³ğŸ‡±
New Zealand,NZ,ğŸ‡³ğŸ‡¿
Nicaragua,NI,ğŸ‡³ğŸ‡®
Niger,NE,ğŸ‡³ğŸ‡ª
Nigeria,NG,ğŸ‡³ğŸ‡¬
North Macedonia,MK,ğŸ‡²ğŸ‡°
Norway,NO,ğŸ‡³ğŸ‡´
Oman,OM,ğŸ‡´ğŸ‡²
Pakistan,PK,ğŸ‡µğŸ‡°
Palau,PW,ğŸ‡µğŸ‡¼
Palestine,PS,ğŸ‡µğŸ‡¸
Panama,PA,ğŸ‡µğŸ‡¦
Papua New Guinea,PG,ğŸ‡µğŸ‡¬
Paraguay,PY,ğŸ‡µğŸ‡¾
Peru,PE,ğŸ‡µğŸ‡ª
Philippines,PH,ğŸ‡µğŸ‡­
Poland,PL,ğŸ‡µğŸ‡±
Portugal,PT,ğŸ‡µğŸ‡¹
Qatar,QA,ğŸ‡¶ğŸ‡¦
Romania,RO,ğŸ‡·ğŸ‡´
Russia,RU,ğŸ‡·ğŸ‡º
Rwanda,RW,ğŸ‡·ğŸ‡¼
Saint Kitts and Nevis,KN,ğŸ‡°ğŸ‡³
Saint Lucia,LC,ğŸ‡±ğŸ‡¨
Saint Vincent and the Grenadines,VC,ğŸ‡»ğŸ‡¨
Samoa,WS,ğŸ‡¼ğŸ‡¸
San Marino,SM,ğŸ‡¸ğŸ‡²
Sao Tome and Principe,ST,ğŸ‡¸ğŸ‡¹
Saudi Arabia,SA,ğŸ‡¸ğŸ‡¦
Senegal,SN,ğŸ‡¸ğŸ‡³
Serbia,RS,ğŸ‡·ğŸ‡¸
Seychelles,SC,ğŸ‡¸ğŸ‡¨
Sierra Leone,SL,ğŸ‡¸ğŸ‡±
Singapore,SG,ğŸ‡¸ğŸ‡¬
Slovakia,SK,ğŸ‡¸ğŸ‡°
Slovenia,SI,ğŸ‡¸ğŸ‡®
Solomon Islands,SB,ğŸ‡¸ğŸ‡§
Somalia,SO,ğŸ‡¸ğŸ‡´
South Africa,ZA,ğŸ‡¿ğŸ‡¦
South Sudan,SS,ğŸ‡¸ğŸ‡¸
Spain,ES,ğŸ‡ªğŸ‡¸
Sri Lanka,LK,ğŸ‡±ğŸ‡°
Sudan,SD,ğŸ‡¸ğŸ‡©
Suriname,SR,ğŸ‡¸ğŸ‡·
Sweden,SE,ğŸ‡¸ğŸ‡ª
Switzerland,CH,ğŸ‡¨ğŸ‡­
Syria,SY,ğŸ‡¸ğŸ‡¾
Taiwan,TW,ğŸ‡¹ğŸ‡¼
Tajikistan,TJ,ğŸ‡¹ğŸ‡¯
Tanzania,TZ,ğŸ‡¹ğŸ‡¿
Thailand,TH,ğŸ‡¹ğŸ‡­
Timor-Leste,TL,ğŸ‡¹ğŸ‡±
Togo,TG,ğŸ‡¹ğŸ‡¬
Tonga,TO,ğŸ‡¹ğŸ‡´
Trinidad and Tobago,TT,ğŸ‡¹ğŸ‡¹
Tunisia,TN,ğŸ‡¹ğŸ‡³
Turkey,TR,ğŸ‡¹ğŸ‡·
Turkmenistan,TM,ğŸ‡¹ğŸ‡²
Tuvalu,TV,ğŸ‡¹ğŸ‡»
Uganda,UG,ğŸ‡ºğŸ‡¬
Ukraine,UA,ğŸ‡ºğŸ‡¦
United Arab Emirates,AE,ğŸ‡¦ğŸ‡ª
United Kingdom,GB,ğŸ‡¬ğŸ‡§
United States,US,ğŸ‡ºğŸ‡¸
Uruguay,UY,ğŸ‡ºğŸ‡¾
Uzbekistan,UZ,ğŸ‡ºğŸ‡¿
Vanuatu,VU,ğŸ‡»ğŸ‡º
Venezuela,VE,ğŸ‡»ğŸ‡ª
Vietnam,VN,ğŸ‡»ğŸ‡³
Yemen,YE,ğŸ‡¾ğŸ‡ª
Zambia,ZM,ğŸ‡¿ğŸ‡²
Zimbabwe,ZW,ğŸ‡¿ğŸ‡¼
